index,real,imag
0,120.000000,0.000000
1,-0.000000,0.000000
2,-0.000000,0.000000
3,-0.000000,0.000000
4,-0.000000,0.000000
5,-0.000000,0.000000
6,0.000000,0.000000
7,0.000000,0.000000
8,0.000000,0.000000
9,0.000001,0.000000
10,80.000000,-0.000003
11,-0.000001,0.000000
12,-0.000000,0.000000
13,-0.000000,0.000000
14,-0.000000,0.000001
15,0.000000,0.000001
16,0.000000,0.000001
17,0.000001,0.000001
18,0.000001,0.000001
19,0.000003,0.000001
