index,real,imag
0,0.831721,0.000000
1,0.842963,999.329864
2,0.878964,-1.408036
3,0.947801,-2.306405
4,1.068608,-3.529982
5,1.288776,-5.448494
6,1.754823,-9.169816
7,3.228335,-20.405334
8,-65.675945,495.454556
9,-2.379447,21.262693
